{"objective": "binary", "metric": "auc", "boosting_type": "gbdt", "verbosity": -1, "seed": 42, "scale_pos_weight": 11.387150050352467, "learning_rate": 0.02217795985685793, "num_leaves": 95, "max_depth": 5, "min_data_in_leaf": 164, "feature_fraction": 0.8417080483379039, "bagging_fraction": 0.8628300008332541, "bagging_freq": 4, "lambda_l1": 1.4000393595354244, "lambda_l2": 2.9103175344055554}